{"stats":{"minecraft:used":{"alexsmobs:emu_egg":1,"minecraft:moss_block":1,"minecraft:iron_bars":1,"minecraft:shield":19,"minecraft:cooked_salmon":5,"minecraft:cooked_chicken":2,"minecraft:rotten_flesh":12,"minecraft:dirt":38,"minecraft:jungle_planks":4,"born_in_chaos_v1:soul_cutlass":148,"minecraft:granite":7,"minecraft:iron_axe":551,"minecraft:stone_bricks":4,"born_in_chaos_v1:nightmare_stalker_skull":1,"minecraft:cooked_cod":1,"born_in_chaos_v1:fel_lamp":10,"minecraft:furnace":12,"minecraft:oak_sapling":1,"minecraft:goat_horn":7,"minecraft:egg":1,"minecraft:cooked_beef":10,"comforts:sleeping_bag_white":3,"minecraft:wheat_seeds":55,"minecraft:cooked_mutton":16,"minecraft:water_bucket":96,"minecraft:diorite":5,"minecraft:stone_pickaxe":132,"minecraft:oak_planks":1,"minecraft:wooden_pickaxe":6,"farmersdelight:onion":6,"minecraft:sand":2,"minecraft:crafting_table":19,"minecraft:bread":9,"minecraft:chicken":2,"minecraft:melon_slice":23,"minecraft:iron_pickaxe":345,"minecraft:stone_axe":26,"born_in_chaos_v1:mesh_door":1,"minecraft:cobblestone":72,"minecraft:porkchop":2,"minecraft:cooked_porkchop":30,"minecraft:bucket":97,"minecraft:andesite":5,"alexsmobs:animal_dictionary":1,"minecraft:bone_meal":1,"minecraft:experience_bottle":1},"minecraft:dropped":{"farmersdelight:tomato_seeds":1,"minecraft:iron_ingot":3,"minecraft:bread":5,"minecraft:wheat_seeds":122,"minecraft:oak_log":1,"minecraft:diamond":6,"minecraft:dark_oak_sapling":1,"minecraft:feather":5,"minecraft:cobblestone":103,"minecraft:leather":2,"born_in_chaos_v1:empty_fel_lamp":1,"born_in_chaos_v1:soul_cutlass":1,"minecraft:coal":11,"artifacts:night_vision_goggles":1,"born_in_chaos_v1:pumpkin_staff":1,"born_in_chaos_v1:nightmare_stalker_skull":1,"minecraft:diorite":7,"alexsmobs:flying_fish":1,"born_in_chaos_v1:fel_lamp":1,"born_in_chaos_v1:fused_bone":1,"minecraft:cooked_salmon":2,"minecraft:pumpkin":1,"minecraft:gold_nugget":232,"minecraft:iron_axe":1,"minecraft:iron_pickaxe":1,"minecraft:kelp":1,"minecraft:bone":32,"minecraft:stone_axe":1,"minecraft:sugar_cane":9,"born_in_chaos_v1:rotten_fish":1,"minecraft:rotten_flesh":30,"minecraft:clay_ball":4,"minecraft:oak_planks":1,"minecraft:cooked_mutton":2,"minecraft:shield":3,"minecraft:skeleton_skull":2,"born_in_chaos_v1:corpse_maggot":4,"minecraft:mossy_stone_bricks":2,"minecraft:oak_sapling":2,"minecraft:spider_eye":1,"comforts:sleeping_bag_white":3},"minecraft:custom":{"minecraft:mob_kills":197,"minecraft:interact_with_crafting_table":45,"minecraft:open_barrel":9,"minecraft:damage_dealt_resisted":2118,"minecraft:leave_game":5,"minecraft:time_since_death":9517,"minecraft:climb_one_cm":1117,"minecraft:sprint_one_cm":658258,"minecraft:walk_one_cm":330789,"minecraft:damage_blocked_by_shield":610,"minecraft:drop":91,"minecraft:damage_dealt_absorbed":80,"minecraft:play_time":221964,"minecraft:deaths":15,"minecraft:sneak_time":7373,"minecraft:walk_under_water_one_cm":31362,"minecraft:jump":6135,"minecraft:walk_on_water_one_cm":96742,"minecraft:total_world_time":221964,"minecraft:interact_with_furnace":94,"minecraft:sleep_in_bed":3,"minecraft:time_since_rest":9542,"minecraft:damage_taken":2147483647,"minecraft:trigger_trapped_chest":3,"minecraft:damage_dealt":37192,"minecraft:swim_one_cm":139941,"minecraft:player_kills":2,"minecraft:fly_one_cm":1163105,"minecraft:open_chest":47,"minecraft:crouch_one_cm":17867,"minecraft:fall_one_cm":196891},"minecraft:broken":{"minecraft:chainmail_leggings":1,"minecraft:stone_pickaxe":1,"minecraft:iron_axe":3,"minecraft:iron_helmet":1},"minecraft:mined":{"minecraft:dark_oak_leaves":7,"minecraft:dark_oak_log":9,"minecraft:dark_oak_fence":4,"minecraft:granite":10,"minecraft:grass_block":5,"alexsmobs:leafcutter_ant_chamber":18,"iceandfire:chared_dirt":1,"minecraft:moss_block":1,"minecraft:spawner":5,"minecraft:large_fern":1,"minecraft:furnace":12,"minecraft:iron_ore":21,"minecraft:fire":11,"minecraft:andesite":5,"minecraft:pumpkin":1,"minecraft:vine":1,"minecraft:cave_vines":1,"iceandfire:gold_pile":66,"minecraft:iron_bars":2,"minecraft:stone":246,"born_in_chaos_v1:mesh_door":1,"minecraft:smithing_table":1,"minecraft:glass_pane":1,"minecraft:stone_brick_slab":2,"minecraft:oak_fence":1,"minecraft:crafting_table":18,"minecraft:clay":1,"minecraft:melon":4,"minecraft:cobblestone":1,"minecraft:tall_grass":47,"minecraft:copper_ore":1,"farmersdelight:wild_tomatoes":1,"minecraft:oak_planks":1,"minecraft:sugar_cane":15,"minecraft:diorite":12,"minecraft:spruce_stairs":1,"minecraft:wheat":54,"minecraft:birch_log":2,"minecraft:grass":222,"minecraft:oak_log":5,"minecraft:coal_ore":45,"delightful:mini_melon":2,"minecraft:sand":2,"minecraft:dirt":20,"minecraft:cracked_stone_bricks":2,"born_in_chaos_v1:infernal_evil_pumpkin_s":3,"minecraft:stone_bricks":5,"minecraft:mossy_stone_bricks":3,"minecraft:oak_leaves":14},"minecraft:crafted":{"minecraft:oak_planks":24,"minecraft:melon_slice":6,"comforts:sleeping_bag_white":2,"minecraft:cooked_chicken":2,"minecraft:furnace":4,"minecraft:cooked_mutton":16,"minecraft:iron_axe":4,"minecraft:stone_pickaxe":1,"minecraft:chest":1,"minecraft:dark_oak_planks":36,"minecraft:cooked_cod":2,"minecraft:cooked_beef":5,"minecraft:cooked_porkchop":22,"minecraft:crafting_table":2,"minecraft:wooden_pickaxe":1,"minecraft:cooked_salmon":7,"minecraft:bucket":1,"minecraft:birch_planks":8,"minecraft:stone_axe":1,"minecraft:bread":11,"minecraft:air":0,"minecraft:jungle_planks":4,"minecraft:shield":3,"minecraft:stick":20,"minecraft:iron_ingot":21,"minecraft:iron_pickaxe":3,"minecraft:gold_ingot":24,"minecraft:acacia_planks":4},"minecraft:killed":{"born_in_chaos_v1:zombie_clown":2,"born_in_chaos_v1:mr_pumpkin":12,"born_in_chaos_v1:zombie_lumberjack":1,"born_in_chaos_v1:sir_the_headless":1,"born_in_chaos_v1:restless_spirit":2,"born_in_chaos_v1:door_knight_not_despawn":1,"minecraft:spider":9,"born_in_chaos_v1:zombie_bruiser":1,"born_in_chaos_v1:baby_skeleton_minion":2,"born_in_chaos_v1:maggot":5,"born_in_chaos_v1:pumpkinhead":3,"minecraft:skeleton":6,"born_in_chaos_v1:dire_hound_leader":1,"alexsmobs:leafcutter_ant":1,"minecraft:chicken":4,"minecraft:drowned":1,"born_in_chaos_v1:corpse_fish":7,"alexsmobs:skelewag":2,"born_in_chaos_v1:fallen_chaos_knight":1,"born_in_chaos_v1:firelight_not_despawn":1,"alexsmobs:flying_fish":1,"born_in_chaos_v1:siamese_skeletons":1,"born_in_chaos_v1:spiritof_chaos":2,"born_in_chaos_v1:felsteed":3,"born_in_chaos_v1:bonescaller":1,"minecraft:pig":16,"alexsmobs:skunk":1,"born_in_chaos_v1:swarmer":1,"born_in_chaos_v1:spirit_guide_assistant":1,"minecraft:salmon":8,"alexsmobs:seal":1,"minecraft:creeper":1,"born_in_chaos_v1:decrepit_skeleton":8,"minecraft:sheep":19,"born_in_chaos_v1:bloody_gadfly":1,"minecraft:zombie":24,"born_in_chaos_v1:dread_hound":3,"iceandfire:ghost":10,"alexsmobs:terrapin":1,"born_in_chaos_v1:corpse_fly":12,"born_in_chaos_v1:nightmare_stalker":1,"alexsmobs:crow":1,"iceandfire:pixie":3,"born_in_chaos_v1:siamese_skeletonsleft":1,"minecraft:cow":3,"born_in_chaos_v1:lifestealer_true_form":1},"minecraft:killed_by":{"born_in_chaos_v1:lifestealer_true_form":1,"minecraft:player":1,"iceandfire:cyclops":3,"born_in_chaos_v1:sir_pumpkinhead_without_horse":1,"iceandfire:gorgon":1,"minecraft:skeleton":1,"born_in_chaos_v1:pumpkinhead":2,"born_in_chaos_v1:corpse_fish":1,"alexsmobs:grizzly_bear":1,"iceandfire:fire_dragon":1},"minecraft:picked_up":{"iceandfire:dragon_skull_lightning":1,"minecraft:crafting_table":18,"minecraft:wheat":53,"minecraft:chicken":4,"minecraft:clay_ball":4,"born_in_chaos_v1:seedof_chaos":4,"minecraft:smithing_table":1,"minecraft:shield":2,"minecraft:string":6,"minecraft:iron_axe":1,"born_in_chaos_v1:mesh_door":2,"minecraft:raw_copper":5,"born_in_chaos_v1:intoxicating_decoction":5,"minecraft:cracked_stone_bricks":2,"minecraft:gold_nugget":682,"born_in_chaos_v1:empty_fel_lamp":1,"comforts:sleeping_bag_white":5,"minecraft:beef":2,"born_in_chaos_v1:gnawed_bones":2,"minecraft:iron_pickaxe":1,"minecraft:light_gray_wool":1,"born_in_chaos_v1:stimulating_decoction":4,"minecraft:melon_slice":17,"minecraft:sugar_cane":28,"alexsmobs:leafcutter_ant_chamber":16,"minecraft:egg":1,"minecraft:furnace":12,"iceandfire:pixie_dust":2,"minecraft:dark_oak_sapling":1,"minecraft:stick":5,"minecraft:raw_iron":21,"iceandfire:dragonbone":16,"born_in_chaos_v1:shattered_skull":1,"minecraft:oak_fence":1,"minecraft:acacia_log":1,"minecraft:porkchop":24,"farmersdelight:tomato_seeds":1,"minecraft:diorite":12,"born_in_chaos_v1:nightmare_claw":1,"born_in_chaos_v1:pieceofdarkmetal":16,"alexsmobs:leafcutter_ant_pupa":1,"minecraft:arrow":10,"minecraft:rotten_flesh":46,"iceandfire:chared_dirt":1,"alexsmobs:emu_egg":1,"sophisticatedbackpacks:copper_backpack":1,"minecraft:iron_bars":1,"minecraft:cod":2,"minecraft:mutton":21,"minecraft:cobblestone":345,"minecraft:white_wool":24,"minecraft:skeleton_skull":1,"alexsmobs:flying_fish":1,"minecraft:birch_log":2,"born_in_chaos_v1:fused_bone":1,"minecraft:cooked_beef":5,"born_in_chaos_v1:corpse_maggot":6,"minecraft:jungle_log":1,"born_in_chaos_v1:pumpkin_staff":3,"minecraft:feather":5,"born_in_chaos_v1:monster_flesh":14,"born_in_chaos_v1:spiritual_dust":1,"minecraft:andesite":5,"minecraft:salmon":7,"minecraft:leather":7,"minecraft:oak_log":12,"iceandfire:ectoplasm":4,"minecraft:dirt":70,"born_in_chaos_v1:nightmare_stalker_skull":2,"born_in_chaos_v1:monster_skin":2,"minecraft:cooked_mutton":14,"minecraft:bone":15,"born_in_chaos_v1:soul_cutlass":3,"minecraft:stone_bricks":4,"minecraft:kelp":1,"delightful:mini_melon":2,"minecraft:wheat_seeds":183,"minecraft:iron_ingot":1,"minecraft:mossy_stone_bricks":2,"born_in_chaos_v1:fel_lamp":2,"minecraft:moss_block":1,"minecraft:oak_planks":1,"minecraft:cooked_porkchop":9,"minecraft:pumpkin":1,"born_in_chaos_v1:lifestealer_bone":4,"born_in_chaos_v1:ethereal_spirit":4,"minecraft:sand":2,"born_in_chaos_v1:fangofthe_hound_leader":1,"minecraft:spider_eye":1,"minecraft:dark_oak_log":9,"minecraft:pumpkin_seeds":51,"born_in_chaos_v1:fire_dust":1,"minecraft:granite":9,"minecraft:bone_meal":5,"minecraft:bread":1,"iceandfire:gorgon_head":1,"born_in_chaos_v1:rotten_fish":1,"minecraft:oak_sapling":6,"minecraft:melon_seeds":1,"minecraft:coal":56}},"DataVersion":3465}