{"stats":{"minecraft:used":{"minecraft:beetroot":1,"minecraft:moss_block":1,"minecraft:shield":58,"minecraft:rotten_flesh":12,"minecraft:soul_sand":8,"minecraft:jungle_planks":4,"minecraft:nether_bricks":2,"born_in_chaos_v1:soul_cutlass":588,"minecraft:obsidian":22,"minecraft:warped_nylium":1,"minecraft:stone_bricks":4,"born_in_chaos_v1:nightmare_stalker_skull":1,"minecraft:magma_block":1,"born_in_chaos_v1:fel_lamp":25,"minecraft:oak_sapling":2,"minecraft:furnace":13,"minecraft:cooked_cod":1,"minecraft:egg":1,"minecraft:diorite":13,"minecraft:stone_pickaxe":132,"minecraft:oak_planks":1,"minecraft:blackstone":66,"minecraft:ender_pearl":2,"minecraft:wooden_pickaxe":6,"minecraft:sand":2,"minecraft:melon_slice":27,"minecraft:bread":110,"born_in_chaos_v1:pumpkin_staff":1,"minecraft:gravel":27,"born_in_chaos_v1:smoked_monster_flesh":1,"born_in_chaos_v1:mesh_door":1,"minecraft:smithing_table":1,"minecraft:andesite":5,"minecraft:bone_meal":4,"minecraft:experience_bottle":1,"minecraft:iron_bars":1,"minecraft:flint_and_steel":2,"minecraft:carved_pumpkin":1,"born_in_chaos_v1:black_argillite":3,"minecraft:cooked_salmon":5,"born_in_chaos_v1:fried_maggot":1,"minecraft:stone_hoe":40,"minecraft:cooked_chicken":2,"minecraft:netherrack":224,"minecraft:dirt":61,"minecraft:granite":15,"minecraft:iron_axe":619,"minecraft:goat_horn":7,"comforts:sleeping_bag_white":3,"minecraft:cooked_beef":11,"minecraft:cobbled_deepslate":130,"minecraft:wheat_seeds":55,"minecraft:cooked_mutton":28,"minecraft:water_bucket":140,"minecraft:cracked_stone_bricks":1,"farmersdelight:onion":6,"minecraft:crafting_table":33,"minecraft:ender_eye":23,"minecraft:diamond_pickaxe":336,"minecraft:chicken":2,"minecraft:iron_pickaxe":844,"minecraft:stone_axe":26,"minecraft:cobblestone":411,"minecraft:potion":1,"minecraft:cooked_porkchop":36,"minecraft:porkchop":2,"minecraft:bucket":141,"alexsmobs:animal_dictionary":1,"alexsmobs:emu_egg":1},"minecraft:dropped":{"minecraft:soul_sand":11,"born_in_chaos_v1:pile_of_skulls":1,"minecraft:warped_fungus":3,"minecraft:oak_log":7,"born_in_chaos_v1:fried_maggot":1,"minecraft:crafting_table":1,"minecraft:glass_bottle":6,"minecraft:diamond":6,"minecraft:dark_oak_sapling":1,"minecraft:leather":2,"minecraft:cracked_stone_bricks":4,"born_in_chaos_v1:empty_fel_lamp":1,"minecraft:red_mushroom":5,"sophisticatedbackpacks:gold_backpack":1,"artifacts:night_vision_goggles":1,"minecraft:cracked_polished_blackstone_bricks":1,"born_in_chaos_v1:nightmare_stalker_skull":1,"minecraft:mutton":5,"minecraft:crimson_roots":1,"alexsmobs:flying_fish":1,"born_in_chaos_v1:fel_lamp":1,"minecraft:gold_nugget":233,"minecraft:polished_blackstone_bricks":1,"minecraft:iron_pickaxe":1,"minecraft:gold_ingot":60,"minecraft:bone":47,"minecraft:gravel":38,"minecraft:stone_axe":1,"minecraft:blackstone":15,"minecraft:sugar_cane":9,"minecraft:nether_brick":28,"minecraft:beetroot":12,"minecraft:rotten_flesh":40,"minecraft:oak_planks":1,"minecraft:cooked_mutton":2,"minecraft:tipped_arrow":1,"minecraft:skeleton_skull":2,"minecraft:jungle_log":1,"born_in_chaos_v1:corpse_maggot":4,"culturaldelights:corn_kernels":1,"comforts:sleeping_bag_white":3,"minecraft:iron_bars":10,"minecraft:arrow":3,"farmersdelight:tomato_seeds":1,"minecraft:iron_ingot":3,"minecraft:bread":5,"minecraft:wheat_seeds":141,"minecraft:iron_helmet":1,"minecraft:feather":5,"minecraft:cobblestone":103,"minecraft:spectral_arrow":23,"delightful:green_tea_leaf":3,"born_in_chaos_v1:soul_cutlass":1,"minecraft:coal":13,"minecraft:stick":5,"born_in_chaos_v1:pumpkin_staff":1,"farmersdelight:golden_knife":1,"minecraft:diorite":8,"born_in_chaos_v1:fused_bone":1,"minecraft:cooked_salmon":2,"minecraft:potion":7,"minecraft:pumpkin":1,"minecraft:iron_axe":1,"minecraft:string":5,"minecraft:furnace":1,"minecraft:moss_carpet":2,"minecraft:kelp":1,"minecraft:cocoa_beans":6,"minecraft:raw_copper":5,"iceandfire:witherbone":6,"born_in_chaos_v1:rotten_fish":2,"minecraft:clay_ball":4,"minecraft:shield":4,"minecraft:diamond_pickaxe":2,"minecraft:mossy_stone_bricks":10,"minecraft:golden_leggings":1,"minecraft:oak_sapling":4,"minecraft:stone_bricks":4,"minecraft:spider_eye":5,"minecraft:bow":1},"minecraft:custom":{"minecraft:interact_with_crafting_table":75,"minecraft:open_barrel":40,"minecraft:leave_game":6,"minecraft:time_since_death":34021,"minecraft:sprint_one_cm":1193738,"minecraft:damage_blocked_by_shield":1505,"minecraft:drop":211,"minecraft:talked_to_villager":2,"minecraft:play_time":447077,"minecraft:deaths":32,"minecraft:jump":11327,"minecraft:interact_with_brewingstand":5,"minecraft:walk_on_water_one_cm":129134,"minecraft:interact_with_furnace":97,"minecraft:sleep_in_bed":4,"minecraft:damage_dealt":67175,"minecraft:player_kills":2,"minecraft:crouch_one_cm":71269,"minecraft:interact_with_smoker":1,"minecraft:interact_with_smithing_table":1,"minecraft:mob_kills":348,"minecraft:damage_dealt_resisted":4791,"minecraft:climb_one_cm":11939,"minecraft:walk_one_cm":600893,"minecraft:damage_dealt_absorbed":80,"minecraft:raid_win":1,"minecraft:sneak_time":27131,"minecraft:walk_under_water_one_cm":75172,"minecraft:total_world_time":447077,"minecraft:time_since_rest":34069,"minecraft:damage_taken":2147483647,"minecraft:trigger_trapped_chest":3,"minecraft:swim_one_cm":218014,"minecraft:fly_one_cm":2008174,"minecraft:open_chest":75,"minecraft:fall_one_cm":362686},"minecraft:broken":{"minecraft:iron_chestplate":1,"minecraft:iron_leggings":1,"minecraft:stone_pickaxe":1,"minecraft:chainmail_leggings":1,"minecraft:iron_axe":3,"minecraft:iron_pickaxe":2,"minecraft:iron_helmet":1},"minecraft:mined":{"minecraft:jungle_leaves":11,"minecraft:brewing_stand":2,"minecraft:obsidian":16,"minecraft:granite":32,"minecraft:grass_block":14,"minecraft:cracked_polished_blackstone_bricks":1,"minecraft:nether_wart":20,"born_in_chaos_v1:pile_of_skulls":1,"minecraft:spawner":7,"iceandfire:crackled_cobblestone":3,"minecraft:polished_blackstone_bricks":3,"minecraft:magma_block":1,"minecraft:glowstone":18,"minecraft:cobbled_deepslate":1,"minecraft:iron_ore":21,"minecraft:fire":19,"minecraft:pumpkin":1,"minecraft:cave_vines":1,"iceandfire:gold_pile":76,"minecraft:dirt_path":5,"minecraft:iron_bars":9,"minecraft:black_candle":1,"minecraft:blackstone":3,"minecraft:soul_fire":1,"minecraft:clay":1,"minecraft:melon":7,"minecraft:nether_quartz_ore":16,"minecraft:cobblestone":25,"minecraft:oak_planks":1,"minecraft:sugar_cane":15,"minecraft:iron_door":3,"born_in_chaos_v1:tombstone_dark_titan_066":1,"iceandfire:crackled_stone":3,"born_in_chaos_v1:fired_black_argillite":2,"minecraft:birch_log":2,"minecraft:wheat":54,"minecraft:grass":361,"minecraft:oak_log":5,"delightful:mini_melon":2,"minecraft:sand":2,"minecraft:dirt":40,"minecraft:deepslate":151,"born_in_chaos_v1:infernal_evil_pumpkin_s":4,"minecraft:netherrack":229,"minecraft:oak_leaves":21,"minecraft:deepslate_diamond_ore":4,"minecraft:dark_oak_leaves":7,"minecraft:dark_oak_log":9,"born_in_chaos_v1:infected_diamond_ore":1,"minecraft:nether_bricks":2,"minecraft:dark_oak_fence":4,"born_in_chaos_v1:black_argillite":3,"minecraft:crimson_roots":1,"alexsmobs:leafcutter_ant_chamber":18,"iceandfire:chared_dirt":1,"minecraft:moss_block":1,"born_in_chaos_v1:gnawed_bones":1,"minecraft:large_fern":1,"minecraft:hay_block":74,"minecraft:furnace":12,"minecraft:andesite":24,"minecraft:gold_block":2,"minecraft:bookshelf":6,"minecraft:vine":3,"minecraft:stone":450,"born_in_chaos_v1:mesh_door":1,"minecraft:smithing_table":1,"minecraft:glass_pane":1,"minecraft:infested_stone_bricks":1,"minecraft:basalt":1,"minecraft:stone_brick_slab":2,"minecraft:oak_fence":1,"minecraft:crafting_table":28,"minecraft:emerald_ore":1,"minecraft:tall_grass":70,"minecraft:copper_ore":2,"minecraft:lapis_ore":2,"farmersdelight:wild_tomatoes":1,"minecraft:diorite":49,"minecraft:spruce_stairs":1,"culturaldelights:wild_corn":1,"minecraft:coal_ore":45,"minecraft:gravel":12,"minecraft:cobweb":1,"minecraft:cracked_stone_bricks":6,"minecraft:stone_bricks":15,"minecraft:mossy_stone_bricks":16},"minecraft:crafted":{"minecraft:oak_planks":28,"minecraft:melon_slice":6,"minecraft:blaze_powder":18,"minecraft:cooked_chicken":2,"minecraft:cooked_mutton":16,"minecraft:iron_boots":1,"minecraft:chest":1,"minecraft:stone_hoe":1,"minecraft:ender_eye":11,"minecraft:cooked_porkchop":22,"minecraft:crafting_table":2,"minecraft:wooden_pickaxe":1,"minecraft:iron_helmet":1,"minecraft:birch_planks":8,"minecraft:diamond_pickaxe":1,"minecraft:iron_chestplate":1,"minecraft:shield":3,"minecraft:stick":28,"minecraft:iron_pickaxe":5,"minecraft:iron_ingot":24,"minecraft:gold_ingot":81,"comforts:sleeping_bag_white":2,"minecraft:furnace":4,"minecraft:bone_meal":3,"minecraft:flint_and_steel":1,"minecraft:iron_axe":4,"minecraft:stone_pickaxe":1,"minecraft:dark_oak_planks":36,"minecraft:wheat":675,"sophisticatedbackpacks:iron_backpack":1,"minecraft:cooked_beef":5,"minecraft:cooked_cod":2,"minecraft:cooked_salmon":7,"sophisticatedbackpacks:gold_backpack":1,"minecraft:bucket":1,"minecraft:stone_axe":1,"minecraft:bread":236,"minecraft:air":0,"minecraft:jungle_planks":4,"minecraft:iron_leggings":1,"minecraft:acacia_planks":4},"minecraft:killed":{"born_in_chaos_v1:lifestealer_true_form":1,"born_in_chaos_v1:zombie_clown":2,"minecraft:cave_spider":5,"born_in_chaos_v1:mr_pumpkin":12,"born_in_chaos_v1:skeleton_demoman":1,"born_in_chaos_v1:zombie_lumberjack":1,"born_in_chaos_v1:restless_spirit":5,"born_in_chaos_v1:sir_the_headless":1,"born_in_chaos_v1:door_knight_not_despawn":1,"born_in_chaos_v1:pumpkin_spirit":1,"minecraft:spider":12,"born_in_chaos_v1:siamese_skeletonsright":2,"born_in_chaos_v1:baby_skeleton_minion":2,"minecraft:skeleton":15,"alexsmobs:leafcutter_ant":1,"minecraft:chicken":4,"minecraft:silverfish":6,"alexsmobs:skelewag":2,"born_in_chaos_v1:firelight_not_despawn":1,"artifacts:mimic":2,"minecraft:piglin":1,"born_in_chaos_v1:bonescaller":3,"minecraft:pig":19,"born_in_chaos_v1:bone_imp":4,"minecraft:salmon":8,"alexsmobs:seal":1,"minecraft:creeper":2,"alexsmobs:crimson_mosquito":2,"minecraft:sheep":20,"minecraft:pillager":4,"minecraft:zombie":31,"born_in_chaos_v1:dread_hound":5,"alexsmobs:terrapin":1,"born_in_chaos_v1:corpse_fly":14,"minecraft:stray":3,"alexsmobs:fly":1,"iceandfire:pixie":3,"iceandfire:sea_serpent":3,"minecraft:blaze":19,"born_in_chaos_v1:siamese_skeletonsleft":3,"minecraft:cow":3,"minecraft:vindicator":2,"born_in_chaos_v1:skeleton_thrasher_not_despawn":1,"born_in_chaos_v1:zombie_bruiser":1,"born_in_chaos_v1:firelight":3,"born_in_chaos_v1:maggot":7,"born_in_chaos_v1:pumpkinhead":3,"born_in_chaos_v1:dire_hound_leader":2,"born_in_chaos_v1:corpse_fish":11,"minecraft:drowned":2,"alexsmobs:flying_fish":1,"born_in_chaos_v1:siamese_skeletons":3,"born_in_chaos_v1:mr_pumpkin_controlled":1,"born_in_chaos_v1:spiritof_chaos":2,"born_in_chaos_v1:fallen_chaos_knight":1,"born_in_chaos_v1:felsteed":3,"born_in_chaos_v1:bone_imp_minion":8,"iceandfire:cyclops":1,"alexsmobs:skunk":1,"born_in_chaos_v1:baby_skeleton":3,"born_in_chaos_v1:swarmer":1,"born_in_chaos_v1:spirit_guide_assistant":2,"born_in_chaos_v1:decrepit_skeleton":14,"born_in_chaos_v1:bloody_gadfly":1,"born_in_chaos_v1:decaying_zombie":1,"iceandfire:ghost":14,"born_in_chaos_v1:bonescaller_not_despawn":2,"born_in_chaos_v1:nightmare_stalker":1,"alexsmobs:crow":2,"minecraft:wither_skeleton":7,"minecraft:enderman":2},"minecraft:killed_by":{"iceandfire:cyclops":4,"minecraft:blaze":1,"born_in_chaos_v1:pumpkinhead":2,"born_in_chaos_v1:supreme_bonescaller_stage_2":2,"alexsmobs:grizzly_bear":1,"iceandfire:fire_dragon":6,"born_in_chaos_v1:lifestealer_true_form":1,"minecraft:player":3,"born_in_chaos_v1:zombie_lumberjack":1,"born_in_chaos_v1:sir_pumpkinhead_without_horse":1,"iceandfire:gorgon":1,"born_in_chaos_v1:sir_pumpkinhead":1,"minecraft:skeleton":1,"iceandfire:lightning_dragon":2,"born_in_chaos_v1:corpse_fish":1,"iceandfire:ghost":1},"minecraft:picked_up":{"minecraft:wheat":116,"minecraft:smithing_table":1,"minecraft:potion":7,"minecraft:nether_brick":28,"born_in_chaos_v1:black_argillite":3,"minecraft:brewing_stand":2,"iceandfire:sea_serpent_scales_teal":3,"minecraft:string":22,"born_in_chaos_v1:mesh_door":2,"minecraft:raw_copper":15,"minecraft:beetroot":12,"minecraft:cobbled_deepslate":130,"minecraft:gold_nugget":795,"born_in_chaos_v1:empty_fel_lamp":1,"comforts:sleeping_bag_white":5,"artifacts:aqua_dashers":1,"culturaldelights:corn_kernels":1,"minecraft:ender_eye":12,"minecraft:iron_pickaxe":1,"delightful:green_tea_leaf":4,"born_in_chaos_v1:stimulating_decoction":4,"minecraft:melon_slice":32,"alexsmobs:leafcutter_ant_chamber":16,"minecraft:furnace":13,"minecraft:tipped_arrow":1,"iceandfire:pixie_dust":2,"minecraft:stick":7,"born_in_chaos_v1:shattered_skull":3,"minecraft:oak_fence":1,"minecraft:acacia_log":1,"minecraft:porkchop":24,"iceandfire:rotten_egg":1,"minecraft:diorite":22,"born_in_chaos_v1:nightmare_claw":1,"born_in_chaos_v1:fried_maggot":2,"minecraft:rotten_flesh":53,"minecraft:carved_pumpkin":1,"alexsmobs:emu_egg":1,"minecraft:blaze_rod":9,"minecraft:obsidian":19,"minecraft:iron_bars":11,"minecraft:cod":2,"alexsmobs:flying_fish":1,"minecraft:cobblestone":558,"minecraft:birch_log":2,"minecraft:magma_block":1,"minecraft:feather":5,"minecraft:cooked_beef":6,"born_in_chaos_v1:spiritual_dust":1,"minecraft:andesite":5,"minecraft:jungle_log":2,"minecraft:golden_leggings":1,"minecraft:flint":1,"minecraft:dirt":93,"born_in_chaos_v1:nightmare_stalker_skull":2,"born_in_chaos_v1:monster_skin":8,"born_in_chaos_v1:marigolds":4,"minecraft:bone":57,"minecraft:bow":1,"delightful:mini_melon":2,"minecraft:wheat_seeds":209,"minecraft:mossy_stone_bricks":10,"minecraft:glowstone_dust":55,"minecraft:moss_block":1,"minecraft:oak_planks":1,"minecraft:cooked_porkchop":14,"minecraft:sand":2,"minecraft:spectral_arrow":47,"minecraft:dark_oak_log":9,"born_in_chaos_v1:fire_dust":4,"minecraft:diamond":4,"iceandfire:crackled_stone":3,"minecraft:cracked_polished_blackstone_bricks":1,"minecraft:granite":17,"minecraft:bone_meal":5,"iceandfire:seaserpent_skull":1,"minecraft:bread":1,"minecraft:emerald":2,"iceandfire:gorgon_head":1,"minecraft:oak_sapling":9,"born_in_chaos_v1:rotten_fish":2,"minecraft:netherrack":224,"minecraft:crimson_roots":1,"minecraft:diamond_pickaxe":2,"iceandfire:dragon_skull_lightning":1,"sophisticatedbackpacks:gold_backpack":1,"minecraft:cocoa_beans":6,"minecraft:crafting_table":33,"iceandfire:witherbone":12,"minecraft:splash_potion":2,"born_in_chaos_v1:smoked_monster_flesh":1,"minecraft:chicken":4,"minecraft:nether_wart":20,"minecraft:clay_ball":4,"born_in_chaos_v1:seedof_chaos":5,"minecraft:gold_block":2,"born_in_chaos_v1:fired_black_argillite":1,"minecraft:shield":4,"minecraft:moss_carpet":2,"minecraft:iron_axe":1,"born_in_chaos_v1:intoxicating_decoction":5,"minecraft:blackstone":81,"minecraft:cracked_stone_bricks":7,"minecraft:beef":2,"born_in_chaos_v1:gnawed_bones":3,"minecraft:iron_nugget":16,"minecraft:light_gray_wool":1,"minecraft:sugar_cane":28,"minecraft:egg":1,"minecraft:dark_oak_sapling":1,"minecraft:raw_iron":21,"iceandfire:dragonbone":18,"minecraft:fire_charge":5,"minecraft:polished_blackstone_bricks":1,"farmersdelight:tomato_seeds":1,"born_in_chaos_v1:pieceofdarkmetal":16,"alexsmobs:leafcutter_ant_pupa":1,"minecraft:arrow":18,"minecraft:nether_bricks":2,"iceandfire:chared_dirt":1,"minecraft:hay_block":75,"artifacts:cross_necklace":1,"minecraft:gold_ingot":11,"sophisticatedbackpacks:copper_backpack":1,"minecraft:mutton":21,"minecraft:skeleton_skull":1,"minecraft:white_wool":25,"born_in_chaos_v1:fused_bone":1,"born_in_chaos_v1:corpse_maggot":6,"iceandfire:sea_serpent_fang":8,"born_in_chaos_v1:monster_flesh":24,"born_in_chaos_v1:pumpkin_staff":3,"minecraft:salmon":7,"minecraft:leather":14,"minecraft:oak_log":14,"iceandfire:ectoplasm":5,"minecraft:white_banner":2,"minecraft:cooked_mutton":14,"born_in_chaos_v1:soul_cutlass":3,"minecraft:stone_bricks":12,"minecraft:kelp":1,"minecraft:iron_ingot":1,"born_in_chaos_v1:fel_lamp":2,"minecraft:soul_sand":19,"minecraft:book":18,"minecraft:black_candle":3,"minecraft:pumpkin":1,"born_in_chaos_v1:lifestealer_bone":4,"minecraft:quartz":47,"born_in_chaos_v1:ethereal_spirit":11,"minecraft:gravel":65,"born_in_chaos_v1:fangofthe_hound_leader":4,"minecraft:crying_obsidian":6,"minecraft:spider_eye":6,"minecraft:pumpkin_seeds":51,"born_in_chaos_v1:pile_of_skulls":1,"minecraft:iron_helmet":1,"iceandfire:sea_serpent_scales_red":3,"born_in_chaos_v1:tombstone_dark_titan_066":1,"minecraft:melon_seeds":3,"minecraft:warped_nylium":1,"minecraft:coal":58,"minecraft:ender_pearl":6}},"DataVersion":3465}