{"stats":{"minecraft:used":{"minecraft:beetroot":1,"minecraft:moss_block":1,"minecraft:shield":55,"minecraft:rotten_flesh":12,"minecraft:soul_sand":8,"minecraft:jungle_planks":4,"minecraft:nether_bricks":2,"born_in_chaos_v1:soul_cutlass":482,"minecraft:obsidian":11,"minecraft:stone_bricks":4,"born_in_chaos_v1:nightmare_stalker_skull":1,"minecraft:magma_block":1,"born_in_chaos_v1:fel_lamp":17,"minecraft:oak_sapling":1,"minecraft:furnace":13,"minecraft:cooked_cod":1,"minecraft:egg":1,"minecraft:diorite":6,"minecraft:stone_pickaxe":132,"minecraft:oak_planks":1,"minecraft:blackstone":66,"minecraft:ender_pearl":2,"minecraft:wooden_pickaxe":6,"minecraft:sand":2,"minecraft:melon_slice":27,"minecraft:bread":68,"born_in_chaos_v1:pumpkin_staff":1,"minecraft:gravel":26,"born_in_chaos_v1:smoked_monster_flesh":1,"born_in_chaos_v1:mesh_door":1,"minecraft:smithing_table":1,"minecraft:andesite":5,"minecraft:bone_meal":4,"minecraft:experience_bottle":1,"minecraft:iron_bars":1,"minecraft:flint_and_steel":1,"minecraft:carved_pumpkin":1,"minecraft:cooked_salmon":5,"born_in_chaos_v1:fried_maggot":1,"minecraft:stone_hoe":40,"minecraft:cooked_chicken":2,"minecraft:netherrack":224,"minecraft:dirt":51,"minecraft:granite":7,"minecraft:iron_axe":595,"minecraft:goat_horn":7,"comforts:sleeping_bag_white":3,"minecraft:cooked_beef":11,"minecraft:wheat_seeds":55,"minecraft:cooked_mutton":28,"minecraft:water_bucket":113,"farmersdelight:onion":6,"minecraft:crafting_table":30,"minecraft:ender_eye":2,"minecraft:diamond_pickaxe":274,"minecraft:chicken":2,"minecraft:iron_pickaxe":379,"minecraft:stone_axe":26,"minecraft:cobblestone":225,"minecraft:potion":1,"minecraft:cooked_porkchop":36,"minecraft:porkchop":2,"minecraft:bucket":114,"alexsmobs:animal_dictionary":1,"alexsmobs:emu_egg":1},"minecraft:dropped":{"minecraft:soul_sand":11,"born_in_chaos_v1:pile_of_skulls":1,"minecraft:warped_fungus":3,"minecraft:oak_log":1,"born_in_chaos_v1:fried_maggot":1,"minecraft:glass_bottle":6,"minecraft:diamond":6,"minecraft:dark_oak_sapling":1,"minecraft:leather":2,"minecraft:cracked_stone_bricks":2,"born_in_chaos_v1:empty_fel_lamp":1,"sophisticatedbackpacks:gold_backpack":1,"artifacts:night_vision_goggles":1,"minecraft:cracked_polished_blackstone_bricks":1,"born_in_chaos_v1:nightmare_stalker_skull":1,"alexsmobs:flying_fish":1,"born_in_chaos_v1:fel_lamp":1,"minecraft:gold_nugget":233,"minecraft:polished_blackstone_bricks":1,"minecraft:iron_pickaxe":1,"minecraft:gold_ingot":60,"minecraft:bone":45,"minecraft:gravel":38,"minecraft:stone_axe":1,"minecraft:blackstone":15,"minecraft:sugar_cane":9,"minecraft:nether_brick":28,"minecraft:beetroot":12,"minecraft:rotten_flesh":38,"minecraft:oak_planks":1,"minecraft:cooked_mutton":2,"minecraft:skeleton_skull":2,"born_in_chaos_v1:corpse_maggot":4,"culturaldelights:corn_kernels":1,"comforts:sleeping_bag_white":3,"minecraft:arrow":3,"farmersdelight:tomato_seeds":1,"minecraft:iron_ingot":3,"minecraft:bread":5,"minecraft:wheat_seeds":140,"minecraft:iron_helmet":1,"minecraft:feather":5,"minecraft:cobblestone":103,"minecraft:spectral_arrow":23,"born_in_chaos_v1:soul_cutlass":1,"minecraft:coal":13,"born_in_chaos_v1:pumpkin_staff":1,"farmersdelight:golden_knife":1,"minecraft:diorite":8,"born_in_chaos_v1:fused_bone":1,"minecraft:cooked_salmon":2,"minecraft:potion":5,"minecraft:pumpkin":1,"minecraft:iron_axe":1,"minecraft:string":5,"minecraft:furnace":1,"minecraft:kelp":1,"minecraft:raw_copper":5,"born_in_chaos_v1:rotten_fish":2,"minecraft:clay_ball":4,"minecraft:shield":3,"minecraft:diamond_pickaxe":1,"minecraft:mossy_stone_bricks":2,"minecraft:golden_leggings":1,"minecraft:oak_sapling":2,"minecraft:spider_eye":5,"minecraft:bow":1},"minecraft:custom":{"minecraft:interact_with_crafting_table":70,"minecraft:open_barrel":35,"minecraft:leave_game":6,"minecraft:time_since_death":14077,"minecraft:sprint_one_cm":977587,"minecraft:damage_blocked_by_shield":1450,"minecraft:drop":177,"minecraft:talked_to_villager":1,"minecraft:play_time":351077,"minecraft:deaths":24,"minecraft:jump":9138,"minecraft:interact_with_brewingstand":5,"minecraft:walk_on_water_one_cm":114061,"minecraft:interact_with_furnace":97,"minecraft:sleep_in_bed":4,"minecraft:damage_dealt":59507,"minecraft:player_kills":2,"minecraft:crouch_one_cm":55871,"minecraft:mob_kills":313,"minecraft:damage_dealt_resisted":4560,"minecraft:climb_one_cm":2395,"minecraft:walk_one_cm":511093,"minecraft:damage_dealt_absorbed":80,"minecraft:raid_win":1,"minecraft:sneak_time":20005,"minecraft:walk_under_water_one_cm":40821,"minecraft:total_world_time":351077,"minecraft:time_since_rest":10190,"minecraft:damage_taken":2147483647,"minecraft:trigger_trapped_chest":3,"minecraft:swim_one_cm":147413,"minecraft:fly_one_cm":1681970,"minecraft:open_chest":65,"minecraft:fall_one_cm":290864},"minecraft:broken":{"minecraft:stone_pickaxe":1,"minecraft:chainmail_leggings":1,"minecraft:iron_axe":3,"minecraft:iron_helmet":1},"minecraft:mined":{"minecraft:brewing_stand":2,"minecraft:obsidian":12,"minecraft:granite":10,"minecraft:grass_block":10,"minecraft:cracked_polished_blackstone_bricks":1,"minecraft:nether_wart":20,"born_in_chaos_v1:pile_of_skulls":1,"minecraft:spawner":6,"minecraft:polished_blackstone_bricks":3,"minecraft:magma_block":1,"minecraft:glowstone":18,"minecraft:iron_ore":21,"minecraft:fire":19,"minecraft:pumpkin":1,"minecraft:cave_vines":1,"iceandfire:gold_pile":66,"minecraft:dirt_path":5,"minecraft:iron_bars":2,"minecraft:black_candle":1,"minecraft:blackstone":3,"minecraft:soul_fire":1,"minecraft:clay":1,"minecraft:melon":7,"minecraft:nether_quartz_ore":16,"minecraft:cobblestone":3,"minecraft:oak_planks":1,"minecraft:sugar_cane":15,"minecraft:birch_log":2,"minecraft:wheat":54,"minecraft:grass":338,"minecraft:oak_log":5,"delightful:mini_melon":2,"minecraft:sand":2,"minecraft:dirt":27,"born_in_chaos_v1:infernal_evil_pumpkin_s":4,"minecraft:netherrack":229,"minecraft:oak_leaves":15,"minecraft:dark_oak_leaves":7,"minecraft:dark_oak_log":9,"minecraft:nether_bricks":2,"minecraft:dark_oak_fence":4,"alexsmobs:leafcutter_ant_chamber":18,"iceandfire:chared_dirt":1,"minecraft:moss_block":1,"born_in_chaos_v1:gnawed_bones":1,"minecraft:large_fern":1,"minecraft:hay_block":74,"minecraft:furnace":12,"minecraft:andesite":5,"minecraft:gold_block":2,"minecraft:bookshelf":6,"minecraft:vine":1,"minecraft:stone":270,"born_in_chaos_v1:mesh_door":1,"minecraft:smithing_table":1,"minecraft:glass_pane":1,"minecraft:basalt":1,"minecraft:stone_brick_slab":2,"minecraft:oak_fence":1,"minecraft:crafting_table":25,"minecraft:emerald_ore":1,"minecraft:tall_grass":67,"minecraft:copper_ore":1,"farmersdelight:wild_tomatoes":1,"minecraft:diorite":14,"minecraft:spruce_stairs":1,"culturaldelights:wild_corn":1,"minecraft:coal_ore":45,"minecraft:gravel":6,"minecraft:cobweb":1,"minecraft:cracked_stone_bricks":2,"minecraft:stone_bricks":5,"minecraft:mossy_stone_bricks":3},"minecraft:crafted":{"minecraft:oak_planks":24,"minecraft:melon_slice":6,"minecraft:blaze_powder":14,"minecraft:cooked_chicken":2,"minecraft:cooked_mutton":16,"minecraft:iron_boots":1,"minecraft:chest":1,"minecraft:stone_hoe":1,"minecraft:ender_eye":8,"minecraft:cooked_porkchop":22,"minecraft:crafting_table":2,"minecraft:wooden_pickaxe":1,"minecraft:iron_helmet":1,"minecraft:birch_planks":8,"minecraft:diamond_pickaxe":1,"minecraft:iron_chestplate":1,"minecraft:shield":3,"minecraft:stick":20,"minecraft:iron_pickaxe":3,"minecraft:iron_ingot":24,"minecraft:gold_ingot":69,"comforts:sleeping_bag_white":2,"minecraft:furnace":4,"minecraft:bone_meal":3,"minecraft:flint_and_steel":1,"minecraft:iron_axe":4,"minecraft:stone_pickaxe":1,"minecraft:dark_oak_planks":36,"minecraft:wheat":675,"sophisticatedbackpacks:iron_backpack":1,"minecraft:cooked_beef":5,"minecraft:cooked_cod":2,"minecraft:cooked_salmon":7,"sophisticatedbackpacks:gold_backpack":1,"minecraft:bucket":1,"minecraft:stone_axe":1,"minecraft:bread":236,"minecraft:air":0,"minecraft:jungle_planks":4,"minecraft:iron_leggings":1,"minecraft:acacia_planks":4},"minecraft:killed":{"born_in_chaos_v1:lifestealer_true_form":1,"born_in_chaos_v1:zombie_clown":2,"minecraft:cave_spider":5,"born_in_chaos_v1:mr_pumpkin":12,"born_in_chaos_v1:zombie_lumberjack":1,"born_in_chaos_v1:restless_spirit":5,"born_in_chaos_v1:sir_the_headless":1,"born_in_chaos_v1:door_knight_not_despawn":1,"born_in_chaos_v1:pumpkin_spirit":1,"minecraft:spider":11,"born_in_chaos_v1:baby_skeleton_minion":2,"minecraft:skeleton":12,"alexsmobs:leafcutter_ant":1,"minecraft:chicken":4,"alexsmobs:skelewag":2,"born_in_chaos_v1:firelight_not_despawn":1,"minecraft:piglin":1,"born_in_chaos_v1:bonescaller":2,"minecraft:pig":19,"born_in_chaos_v1:bone_imp":4,"minecraft:salmon":8,"alexsmobs:seal":1,"minecraft:creeper":2,"minecraft:sheep":20,"minecraft:pillager":4,"minecraft:zombie":31,"born_in_chaos_v1:dread_hound":5,"alexsmobs:terrapin":1,"born_in_chaos_v1:corpse_fly":13,"minecraft:stray":3,"alexsmobs:fly":1,"iceandfire:pixie":3,"iceandfire:sea_serpent":1,"minecraft:blaze":19,"born_in_chaos_v1:siamese_skeletonsleft":1,"minecraft:cow":3,"minecraft:vindicator":2,"born_in_chaos_v1:skeleton_thrasher_not_despawn":1,"born_in_chaos_v1:zombie_bruiser":1,"born_in_chaos_v1:firelight":3,"born_in_chaos_v1:maggot":7,"born_in_chaos_v1:pumpkinhead":3,"born_in_chaos_v1:dire_hound_leader":2,"born_in_chaos_v1:corpse_fish":11,"minecraft:drowned":1,"alexsmobs:flying_fish":1,"born_in_chaos_v1:siamese_skeletons":1,"born_in_chaos_v1:mr_pumpkin_controlled":1,"born_in_chaos_v1:spiritof_chaos":2,"born_in_chaos_v1:fallen_chaos_knight":1,"born_in_chaos_v1:felsteed":3,"born_in_chaos_v1:bone_imp_minion":8,"alexsmobs:skunk":1,"born_in_chaos_v1:baby_skeleton":2,"born_in_chaos_v1:swarmer":1,"born_in_chaos_v1:spirit_guide_assistant":2,"born_in_chaos_v1:decrepit_skeleton":12,"born_in_chaos_v1:bloody_gadfly":1,"iceandfire:ghost":14,"born_in_chaos_v1:bonescaller_not_despawn":2,"born_in_chaos_v1:nightmare_stalker":1,"alexsmobs:crow":1,"minecraft:wither_skeleton":7,"minecraft:enderman":1},"minecraft:killed_by":{"iceandfire:cyclops":3,"minecraft:blaze":1,"born_in_chaos_v1:pumpkinhead":2,"born_in_chaos_v1:supreme_bonescaller_stage_2":2,"alexsmobs:grizzly_bear":1,"iceandfire:fire_dragon":1,"born_in_chaos_v1:lifestealer_true_form":1,"minecraft:player":3,"born_in_chaos_v1:sir_pumpkinhead_without_horse":1,"iceandfire:gorgon":1,"born_in_chaos_v1:sir_pumpkinhead":1,"minecraft:skeleton":1,"iceandfire:lightning_dragon":2,"born_in_chaos_v1:corpse_fish":1,"iceandfire:ghost":1},"minecraft:picked_up":{"minecraft:wheat":116,"minecraft:smithing_table":1,"minecraft:potion":6,"minecraft:nether_brick":28,"minecraft:brewing_stand":2,"minecraft:string":22,"born_in_chaos_v1:mesh_door":2,"minecraft:raw_copper":10,"minecraft:beetroot":12,"minecraft:gold_nugget":687,"born_in_chaos_v1:empty_fel_lamp":1,"comforts:sleeping_bag_white":5,"culturaldelights:corn_kernels":1,"minecraft:ender_eye":1,"minecraft:iron_pickaxe":1,"born_in_chaos_v1:stimulating_decoction":4,"minecraft:melon_slice":32,"alexsmobs:leafcutter_ant_chamber":16,"minecraft:furnace":13,"minecraft:tipped_arrow":1,"iceandfire:pixie_dust":2,"minecraft:stick":5,"born_in_chaos_v1:shattered_skull":3,"minecraft:oak_fence":1,"minecraft:acacia_log":1,"minecraft:porkchop":24,"iceandfire:rotten_egg":1,"minecraft:diorite":14,"born_in_chaos_v1:nightmare_claw":1,"born_in_chaos_v1:fried_maggot":2,"minecraft:rotten_flesh":51,"minecraft:carved_pumpkin":1,"alexsmobs:emu_egg":1,"minecraft:blaze_rod":9,"minecraft:obsidian":15,"minecraft:iron_bars":1,"minecraft:cod":2,"alexsmobs:flying_fish":1,"minecraft:cobblestone":372,"minecraft:birch_log":2,"minecraft:magma_block":1,"minecraft:feather":5,"minecraft:cooked_beef":6,"born_in_chaos_v1:spiritual_dust":1,"minecraft:andesite":5,"minecraft:jungle_log":1,"minecraft:golden_leggings":1,"minecraft:flint":1,"minecraft:dirt":83,"born_in_chaos_v1:nightmare_stalker_skull":2,"born_in_chaos_v1:monster_skin":8,"born_in_chaos_v1:marigolds":4,"minecraft:bone":55,"minecraft:bow":1,"delightful:mini_melon":2,"minecraft:wheat_seeds":203,"minecraft:mossy_stone_bricks":2,"minecraft:glowstone_dust":55,"minecraft:moss_block":1,"minecraft:oak_planks":1,"minecraft:cooked_porkchop":14,"minecraft:sand":2,"minecraft:spectral_arrow":47,"minecraft:dark_oak_log":9,"born_in_chaos_v1:fire_dust":4,"minecraft:cracked_polished_blackstone_bricks":1,"minecraft:granite":9,"minecraft:bone_meal":5,"minecraft:bread":1,"minecraft:emerald":2,"iceandfire:gorgon_head":1,"minecraft:oak_sapling":6,"born_in_chaos_v1:rotten_fish":2,"minecraft:netherrack":224,"minecraft:diamond_pickaxe":1,"iceandfire:dragon_skull_lightning":1,"sophisticatedbackpacks:gold_backpack":1,"minecraft:crafting_table":29,"iceandfire:witherbone":6,"minecraft:splash_potion":2,"born_in_chaos_v1:smoked_monster_flesh":1,"minecraft:chicken":4,"minecraft:nether_wart":20,"minecraft:clay_ball":4,"born_in_chaos_v1:seedof_chaos":5,"minecraft:gold_block":2,"minecraft:shield":3,"minecraft:iron_axe":1,"born_in_chaos_v1:intoxicating_decoction":5,"minecraft:blackstone":81,"minecraft:cracked_stone_bricks":4,"minecraft:beef":2,"born_in_chaos_v1:gnawed_bones":3,"minecraft:iron_nugget":16,"minecraft:light_gray_wool":1,"minecraft:sugar_cane":28,"minecraft:egg":1,"minecraft:dark_oak_sapling":1,"minecraft:raw_iron":21,"iceandfire:dragonbone":18,"minecraft:fire_charge":5,"minecraft:polished_blackstone_bricks":1,"farmersdelight:tomato_seeds":1,"born_in_chaos_v1:pieceofdarkmetal":16,"alexsmobs:leafcutter_ant_pupa":1,"minecraft:arrow":17,"minecraft:nether_bricks":2,"iceandfire:chared_dirt":1,"minecraft:hay_block":75,"minecraft:gold_ingot":11,"sophisticatedbackpacks:copper_backpack":1,"minecraft:mutton":21,"minecraft:skeleton_skull":1,"minecraft:white_wool":25,"born_in_chaos_v1:fused_bone":1,"born_in_chaos_v1:corpse_maggot":6,"born_in_chaos_v1:monster_flesh":24,"born_in_chaos_v1:pumpkin_staff":3,"minecraft:salmon":7,"minecraft:leather":12,"minecraft:oak_log":12,"iceandfire:ectoplasm":5,"minecraft:white_banner":2,"minecraft:cooked_mutton":14,"born_in_chaos_v1:soul_cutlass":3,"minecraft:stone_bricks":4,"minecraft:kelp":1,"minecraft:iron_ingot":1,"born_in_chaos_v1:fel_lamp":2,"minecraft:soul_sand":19,"minecraft:book":18,"minecraft:black_candle":3,"minecraft:pumpkin":1,"born_in_chaos_v1:lifestealer_bone":4,"minecraft:quartz":47,"born_in_chaos_v1:ethereal_spirit":11,"minecraft:gravel":64,"born_in_chaos_v1:fangofthe_hound_leader":4,"minecraft:crying_obsidian":6,"minecraft:spider_eye":6,"minecraft:pumpkin_seeds":51,"born_in_chaos_v1:pile_of_skulls":1,"minecraft:iron_helmet":1,"minecraft:melon_seeds":3,"minecraft:coal":58,"minecraft:ender_pearl":3}},"DataVersion":3465}