{"stats":{"minecraft:used":{"alexsmobs:emu_egg":2,"minecraft:oak_fence":2,"minecraft:stone_shovel":26,"minecraft:shield":57,"minecraft:iron_sword":261,"minecraft:rotten_flesh":2,"minecraft:cooked_salmon":2,"minecraft:torch":1,"minecraft:dirt":7,"minecraft:mutton":1,"minecraft:spruce_stairs":1,"minecraft:carrot":15,"born_in_chaos_v1:soul_cutlass":270,"born_in_chaos_v1:corpse_maggot":5,"minecraft:dark_oak_planks":2,"minecraft:iron_axe":31,"minecraft:beef":2,"born_in_chaos_v1:fel_lamp":3,"minecraft:oak_sapling":1,"minecraft:furnace":4,"comforts:sleeping_bag_white":2,"minecraft:egg":3,"minecraft:cooked_beef":20,"minecraft:cooked_mutton":5,"minecraft:diorite":2,"minecraft:oak_planks":6,"minecraft:cracked_stone_bricks":1,"minecraft:crafting_table":6,"born_in_chaos_v1:holiday_candy":30,"minecraft:apple":1,"born_in_chaos_v1:monster_flesh":2,"minecraft:bread":14,"minecraft:iron_pickaxe":84,"minecraft:golden_leggings":1,"minecraft:stone_axe":60,"born_in_chaos_v1:rotten_fish":2,"minecraft:cobblestone":23,"minecraft:cooked_porkchop":3,"born_in_chaos_v1:wood_splitter_axe":23,"alexsmobs:animal_dictionary":1,"alexsmobs:leafcutter_ant_chamber":2,"minecraft:kelp":1,"minecraft:golden_pickaxe":32,"minecraft:experience_bottle":7},"minecraft:dropped":{"minecraft:wheat_seeds":22,"minecraft:oak_log":3,"minecraft:crossbow":1,"iceandfire:chared_dirt":1,"minecraft:leather":1,"born_in_chaos_v1:empty_fel_lamp":1,"born_in_chaos_v1:pumpkin_staff":2,"delightful:acorn":1,"minecraft:chain":2,"iceandfire:ash":1,"minecraft:iron_pickaxe":2,"minecraft:string":6,"minecraft:white_wool":6,"minecraft:bone":15,"minecraft:furnace":1,"minecraft:goat_horn":1,"alexsmobs:animal_dictionary":1,"minecraft:rotten_flesh":24,"minecraft:light_gray_wool":4,"minecraft:shield":2,"minecraft:skeleton_skull":1,"minecraft:melon_seeds":4,"minecraft:oak_sapling":5,"minecraft:spider_eye":1,"minecraft:arrow":2},"minecraft:custom":{"minecraft:mob_kills":138,"minecraft:interact_with_crafting_table":17,"minecraft:open_barrel":19,"minecraft:damage_dealt_resisted":1996,"minecraft:leave_game":4,"minecraft:time_since_death":9361,"minecraft:climb_one_cm":24,"minecraft:sprint_one_cm":520643,"minecraft:walk_one_cm":234813,"minecraft:damage_blocked_by_shield":1265,"minecraft:drop":54,"minecraft:play_time":192523,"minecraft:deaths":25,"minecraft:sneak_time":5062,"minecraft:walk_under_water_one_cm":13007,"minecraft:jump":3586,"minecraft:walk_on_water_one_cm":28295,"minecraft:total_world_time":192523,"minecraft:interact_with_furnace":17,"minecraft:sleep_in_bed":2,"minecraft:time_since_rest":9428,"minecraft:damage_taken":2147483647,"minecraft:trigger_trapped_chest":3,"minecraft:damage_dealt":33702,"minecraft:fly_one_cm":699607,"minecraft:swim_one_cm":62785,"minecraft:player_kills":1,"minecraft:open_chest":43,"minecraft:crouch_one_cm":14367,"minecraft:fall_one_cm":128757},"minecraft:broken":{"minecraft:golden_leggings":1,"minecraft:stone_axe":1,"minecraft:golden_pickaxe":1},"minecraft:crafted":{"minecraft:oak_planks":32,"minecraft:stone_shovel":1,"minecraft:furnace":1,"minecraft:cooked_mutton":4,"minecraft:iron_axe":1,"minecraft:chest":1,"minecraft:dark_oak_planks":32,"sophisticatedbackpacks:iron_backpack":1,"minecraft:cooked_beef":19,"sophisticatedbackpacks:backpack":1,"minecraft:crafting_table":1,"minecraft:pumpkin_seeds":52,"minecraft:air":0,"minecraft:jungle_planks":8,"minecraft:stick":32,"minecraft:iron_pickaxe":1,"minecraft:gold_ingot":25,"minecraft:acacia_planks":4},"minecraft:killed":{"born_in_chaos_v1:zombie_clown":2,"born_in_chaos_v1:mr_pumpkin":9,"born_in_chaos_v1:restless_spirit":1,"born_in_chaos_v1:zombie_lumberjack":1,"born_in_chaos_v1:skeleton_demoman":1,"born_in_chaos_v1:sir_the_headless":1,"minecraft:spider":7,"born_in_chaos_v1:siamese_skeletonsright":2,"born_in_chaos_v1:zombie_bruiser":1,"born_in_chaos_v1:maggot":13,"minecraft:skeleton":4,"alexsmobs:leafcutter_ant":1,"born_in_chaos_v1:corpse_fish":2,"born_in_chaos_v1:firelight_not_despawn":1,"born_in_chaos_v1:barrel_zombie":2,"born_in_chaos_v1:fallen_chaos_knight":1,"iceandfire:cyclops":1,"born_in_chaos_v1:baby_skeleton":1,"born_in_chaos_v1:swarmer":1,"alexsmobs:rhinoceros":1,"minecraft:creeper":1,"born_in_chaos_v1:decrepit_skeleton":8,"alexsmobs:emu":1,"minecraft:sheep":5,"minecraft:zombie":15,"iceandfire:ghost":5,"born_in_chaos_v1:dread_hound":5,"born_in_chaos_v1:corpse_fly":10,"born_in_chaos_v1:dark_vortex":3,"born_in_chaos_v1:nightmare_stalker":1,"born_in_chaos_v1:siamese_skeletonsleft":1,"minecraft:cow":23,"born_in_chaos_v1:lifestealer_true_form":1},"minecraft:mined":{"minecraft:dark_oak_planks":2,"minecraft:dark_oak_leaves":1,"alexsmobs:leafcutter_anthill":1,"born_in_chaos_v1:nightmare_stalker_skull":1,"minecraft:dark_oak_fence":2,"minecraft:grass_block":2,"alexsmobs:leafcutter_ant_chamber":1,"minecraft:furnace":3,"minecraft:iron_ore":3,"minecraft:fire":7,"minecraft:pumpkin":13,"iceandfire:gold_pile":10,"minecraft:dirt_path":1,"minecraft:vine":1,"minecraft:azalea_leaves":1,"minecraft:bone_block":65,"minecraft:stone":24,"minecraft:oak_fence":2,"minecraft:clay":21,"minecraft:crafting_table":6,"minecraft:torch":1,"minecraft:tall_grass":6,"minecraft:cobblestone":1,"minecraft:grass":44,"minecraft:oak_log":35,"minecraft:dirt":5,"minecraft:cobweb":1,"minecraft:red_mushroom_block":1,"minecraft:stone_bricks":1,"minecraft:oak_leaves":10},"minecraft:killed_by":{"minecraft:player":3,"iceandfire:cyclops":3,"born_in_chaos_v1:mr_pumpkin":2,"born_in_chaos_v1:dark_vortex":1,"born_in_chaos_v1:sir_pumpkinhead_without_horse":1,"iceandfire:gorgon":2,"alexsmobs:rhinoceros":1,"born_in_chaos_v1:pumpkinhead":2,"minecraft:zombie":2,"iceandfire:ghost":3,"iceandfire:fire_dragon":3},"minecraft:picked_up":{"iceandfire:dragon_skull_lightning":1,"minecraft:crafting_table":6,"artifacts:night_vision_goggles":1,"minecraft:clay_ball":87,"born_in_chaos_v1:seedof_chaos":7,"minecraft:chain":3,"minecraft:shield":3,"born_in_chaos_v1:holiday_candy":30,"minecraft:string":15,"minecraft:raw_copper":1,"minecraft:cooked_salmon":2,"born_in_chaos_v1:intoxicating_decoction":2,"minecraft:cracked_stone_bricks":2,"alexsmobs:emu_feather":2,"minecraft:gold_nugget":322,"born_in_chaos_v1:empty_fel_lamp":1,"comforts:sleeping_bag_white":3,"delightful:acorn":2,"minecraft:beef":41,"born_in_chaos_v1:gnawed_bones":1,"minecraft:azalea":4,"minecraft:iron_pickaxe":2,"minecraft:light_gray_wool":5,"born_in_chaos_v1:stimulating_decoction":2,"delightful:green_tea_leaf":2,"minecraft:chest":1,"alexsmobs:leafcutter_ant_chamber":2,"minecraft:furnace":4,"minecraft:egg":3,"minecraft:stick":5,"minecraft:raw_iron":3,"iceandfire:dragonbone":14,"born_in_chaos_v1:shattered_skull":1,"minecraft:oak_fence":2,"minecraft:torch":1,"minecraft:acacia_log":1,"minecraft:spruce_stairs":1,"iceandfire:rotten_egg":1,"minecraft:diorite":7,"born_in_chaos_v1:nightmare_claw":1,"born_in_chaos_v1:pieceofdarkmetal":16,"minecraft:goat_horn":1,"minecraft:dark_oak_planks":2,"iceandfire:cyclops_eye":1,"minecraft:arrow":5,"minecraft:rotten_flesh":72,"born_in_chaos_v1:wood_splitter_axe":1,"alexsmobs:emu_egg":2,"minecraft:bone_block":65,"minecraft:mutton":10,"minecraft:skeleton_skull":2,"minecraft:white_wool":12,"minecraft:cobblestone":33,"born_in_chaos_v1:fused_bone":3,"born_in_chaos_v1:corpse_maggot":20,"minecraft:feather":1,"minecraft:cooked_beef":1,"born_in_chaos_v1:monster_flesh":5,"born_in_chaos_v1:pumpkin_staff":3,"born_in_chaos_v1:spiritual_dust":3,"minecraft:jungle_log":2,"minecraft:leather":32,"minecraft:oak_log":44,"iceandfire:ectoplasm":2,"minecraft:gunpowder":3,"minecraft:dirt":22,"born_in_chaos_v1:nightmare_stalker_skull":1,"born_in_chaos_v1:monster_skin":8,"minecraft:bone":54,"born_in_chaos_v1:soul_cutlass":1,"minecraft:apple":1,"minecraft:stone_bricks":2,"minecraft:kelp":1,"minecraft:wheat_seeds":22,"minecraft:iron_ingot":3,"born_in_chaos_v1:fel_lamp":1,"minecraft:flowering_azalea":1,"minecraft:cooked_porkchop":3,"minecraft:pumpkin":13,"born_in_chaos_v1:lifestealer_bone":4,"iceandfire:ash":1,"born_in_chaos_v1:ethereal_spirit":4,"born_in_chaos_v1:dark_rod":3,"minecraft:spider_eye":5,"alexsmobs:animal_dictionary":1,"minecraft:pumpkin_seeds":27,"minecraft:slime_ball":2,"born_in_chaos_v1:fire_dust":1,"minecraft:diamond":6,"minecraft:stone_axe":1,"minecraft:crossbow":1,"minecraft:bread":4,"minecraft:oak_sapling":11,"born_in_chaos_v1:rotten_fish":4,"minecraft:melon_seeds":3,"minecraft:coal":9}},"DataVersion":3465}