{"stats":{"minecraft:used":{"minecraft:bone_block":1,"minecraft:chest":6,"farmersdelight:stove":3,"minecraft:shield":75,"minecraft:iron_sword":261,"minecraft:rotten_flesh":2,"minecraft:mutton":1,"minecraft:carrot":19,"born_in_chaos_v1:soul_cutlass":601,"born_in_chaos_v1:corpse_maggot":6,"minecraft:grass_block":1,"born_in_chaos_v1:fel_lamp":12,"minecraft:oak_sapling":4,"minecraft:furnace":5,"minecraft:egg":3,"minecraft:potato":5,"minecraft:diorite":8,"minecraft:oak_planks":6,"born_in_chaos_v1:holiday_candy":30,"minecraft:dripstone_block":1,"born_in_chaos_v1:monster_flesh":3,"minecraft:bread":16,"born_in_chaos_v1:pumpkin_staff":2,"born_in_chaos_v1:smoked_monster_flesh":3,"born_in_chaos_v1:rotten_fish":2,"minecraft:coarse_dirt":1,"alexsmobs:leafcutter_ant_chamber":2,"minecraft:golden_pickaxe":32,"minecraft:experience_bottle":7,"minecraft:oak_fence":4,"ironfurnaces:gold_furnace":7,"minecraft:iron_bars":4,"minecraft:stone_shovel":54,"born_in_chaos_v1:black_argillite":6,"minecraft:cooked_salmon":2,"born_in_chaos_v1:fried_maggot":24,"minecraft:torch":2,"minecraft:dirt":10,"minecraft:spruce_stairs":1,"minecraft:granite":25,"minecraft:dark_oak_planks":2,"minecraft:iron_axe":143,"minecraft:beef":2,"comforts:sleeping_bag_white":2,"minecraft:cooked_beef":36,"minecraft:cobbled_deepslate":41,"minecraft:iron_leggings":1,"minecraft:cooked_mutton":25,"farmersdelight:iron_knife":4,"minecraft:water_bucket":79,"farmersdelight:skillet":3,"minecraft:cracked_stone_bricks":1,"minecraft:crafting_table":11,"minecraft:diamond_pickaxe":229,"minecraft:apple":1,"minecraft:iron_pickaxe":427,"minecraft:golden_leggings":1,"minecraft:stone_axe":60,"iceandfire:crackled_cobblestone":2,"minecraft:cobblestone":46,"minecraft:cooked_porkchop":3,"minecraft:bucket":80,"born_in_chaos_v1:wood_splitter_axe":23,"alexsmobs:animal_dictionary":1,"minecraft:kelp":1,"alexsmobs:emu_egg":2},"minecraft:dropped":{"minecraft:oak_log":3,"minecraft:crossbow":1,"iceandfire:chared_dirt":1,"minecraft:leather":1,"born_in_chaos_v1:empty_fel_lamp":1,"born_in_chaos_v1:monster_flesh":1,"minecraft:chain":2,"minecraft:gold_nugget":4,"iceandfire:ash":1,"minecraft:iron_pickaxe":2,"minecraft:white_wool":6,"minecraft:bone":18,"minecraft:goat_horn":1,"alexsmobs:animal_dictionary":1,"minecraft:beetroot":18,"minecraft:rotten_flesh":25,"minecraft:skeleton_skull":1,"minecraft:melon_seeds":4,"minecraft:arrow":2,"minecraft:wheat_seeds":26,"minecraft:cobblestone":1,"born_in_chaos_v1:pumpkin_staff":2,"delightful:acorn":1,"minecraft:string":6,"minecraft:furnace":1,"farmersdelight:cabbage_seeds":1,"minecraft:light_gray_wool":4,"minecraft:shield":2,"minecraft:oak_sapling":5,"minecraft:spider_eye":1},"minecraft:custom":{"minecraft:interact_with_crafting_table":51,"minecraft:open_barrel":41,"minecraft:leave_game":6,"minecraft:time_since_death":35923,"minecraft:sprint_one_cm":845219,"minecraft:damage_blocked_by_shield":1675,"minecraft:drop":69,"minecraft:talked_to_villager":2,"minecraft:play_time":346504,"minecraft:deaths":32,"minecraft:jump":6009,"minecraft:walk_on_water_one_cm":43821,"minecraft:interact_with_furnace":58,"minecraft:sleep_in_bed":2,"minecraft:damage_dealt":51447,"minecraft:player_kills":3,"minecraft:crouch_one_cm":23944,"minecraft:interact_with_smoker":1,"minecraft:mob_kills":235,"minecraft:damage_dealt_resisted":6471,"minecraft:climb_one_cm":305,"minecraft:walk_one_cm":405586,"minecraft:damage_dealt_absorbed":80,"minecraft:raid_win":1,"minecraft:sneak_time":9860,"minecraft:walk_under_water_one_cm":21238,"minecraft:total_world_time":346504,"minecraft:raid_trigger":1,"minecraft:time_since_rest":35949,"minecraft:damage_taken":2147483647,"minecraft:trigger_trapped_chest":3,"minecraft:swim_one_cm":90538,"minecraft:fly_one_cm":1174173,"minecraft:open_chest":122,"minecraft:fall_one_cm":213608},"minecraft:broken":{"minecraft:golden_leggings":1,"minecraft:stone_axe":1,"minecraft:iron_pickaxe":1,"minecraft:golden_pickaxe":1},"minecraft:killed":{"born_in_chaos_v1:zombie_clown":3,"minecraft:cave_spider":7,"born_in_chaos_v1:mr_pumpkin":10,"born_in_chaos_v1:restless_spirit":1,"born_in_chaos_v1:zombie_lumberjack":1,"born_in_chaos_v1:door_knight_not_despawn":1,"born_in_chaos_v1:skeleton_demoman":1,"born_in_chaos_v1:sir_the_headless":1,"minecraft:spider":14,"born_in_chaos_v1:siamese_skeletonsright":2,"born_in_chaos_v1:baby_skeleton_minion":1,"minecraft:skeleton":6,"alexsmobs:leafcutter_ant":1,"born_in_chaos_v1:skeleton_thrasher":1,"born_in_chaos_v1:supreme_bonescaller_stage_2":1,"born_in_chaos_v1:firelight_not_despawn":1,"born_in_chaos_v1:diamond_termite":2,"minecraft:creeper":1,"minecraft:sheep":16,"minecraft:pillager":6,"minecraft:zombie":21,"born_in_chaos_v1:dread_hound":8,"born_in_chaos_v1:corpse_fly":12,"minecraft:stray":4,"born_in_chaos_v1:siamese_skeletonsleft":1,"minecraft:cow":23,"born_in_chaos_v1:zombie_clown_not_despawn":1,"minecraft:vindicator":1,"alexsmobs:rattlesnake":1,"born_in_chaos_v1:zombie_bruiser":3,"born_in_chaos_v1:maggot":18,"born_in_chaos_v1:corpse_fish":2,"born_in_chaos_v1:barrel_zombie":2,"born_in_chaos_v1:fallen_chaos_knight":1,"born_in_chaos_v1:bone_imp_minion":7,"iceandfire:cyclops":2,"born_in_chaos_v1:baby_skeleton":4,"born_in_chaos_v1:swarmer":1,"born_in_chaos_v1:spirit_guide_assistant":1,"minecraft:ravager":1,"alexsmobs:rhinoceros":1,"born_in_chaos_v1:decrepit_skeleton":14,"alexsmobs:emu":1,"born_in_chaos_v1:bloody_gadfly":1,"iceandfire:ghost":6,"born_in_chaos_v1:dark_vortex":3,"born_in_chaos_v1:nightmare_stalker":1,"born_in_chaos_v1:decaying_zombie_not_despawn":1,"minecraft:enderman":3,"born_in_chaos_v1:lifestealer_true_form":1},"minecraft:mined":{"minecraft:dark_oak_planks":2,"born_in_chaos_v1:cultivated_pumpkin":4,"minecraft:cobblestone_stairs":3,"alexsmobs:leafcutter_anthill":1,"minecraft:granite":50,"minecraft:grass_block":4,"minecraft:spawner":6,"minecraft:smooth_stone":8,"ironfurnaces:gold_furnace":5,"minecraft:iron_ore":29,"minecraft:fire":7,"minecraft:pumpkin":13,"iceandfire:gold_pile":10,"minecraft:dirt_path":1,"minecraft:iron_bars":5,"minecraft:azalea_leaves":1,"minecraft:clay":21,"minecraft:torch":1,"minecraft:chest":2,"minecraft:cobblestone":15,"minecraft:wall_torch":1,"minecraft:grass":58,"minecraft:oak_log":35,"minecraft:dirt":23,"minecraft:red_mushroom_block":1,"minecraft:oak_leaves":12,"minecraft:deepslate":45,"minecraft:mossy_cobblestone":2,"minecraft:dark_oak_leaves":1,"minecraft:deepslate_diamond_ore":4,"born_in_chaos_v1:nightmare_stalker_skull":1,"born_in_chaos_v1:infected_diamond_ore":1,"minecraft:dark_oak_fence":2,"born_in_chaos_v1:black_argillite":6,"alexsmobs:leafcutter_ant_chamber":1,"farmersdelight:wild_cabbages":1,"minecraft:hay_block":14,"minecraft:furnace":5,"minecraft:andesite":7,"minecraft:gold_block":1,"minecraft:bookshelf":89,"minecraft:vine":1,"minecraft:stone":382,"minecraft:bone_block":65,"minecraft:oak_fence":4,"minecraft:crafting_table":14,"minecraft:copper_ore":2,"minecraft:tall_grass":15,"minecraft:lapis_ore":6,"minecraft:diorite":12,"farmersdelight:skillet":2,"minecraft:birch_leaves":1,"minecraft:gravel":10,"minecraft:dripstone_block":1,"farmersdelight:stove":2,"minecraft:cobweb":1,"minecraft:stone_bricks":1},"minecraft:crafted":{"minecraft:brick":21,"minecraft:oak_planks":52,"ironfurnaces:iron_furnace":2,"minecraft:cooked_mutton":4,"minecraft:chest":5,"minecraft:bricks":4,"farmersdelight:stove":1,"sophisticatedbackpacks:backpack":1,"minecraft:crafting_table":1,"minecraft:gold_block":2,"minecraft:pumpkin_seeds":94,"minecraft:campfire":1,"farmersdelight:skillet":1,"minecraft:stick":64,"minecraft:iron_ingot":13,"minecraft:iron_pickaxe":2,"minecraft:gold_ingot":46,"minecraft:stone_shovel":1,"ironfurnaces:gold_furnace":2,"minecraft:furnace":2,"minecraft:iron_axe":1,"minecraft:dark_oak_planks":32,"sophisticatedbackpacks:iron_backpack":1,"minecraft:wheat":126,"minecraft:cooked_beef":26,"sophisticatedbackpacks:gold_backpack":1,"minecraft:bucket":1,"minecraft:bread":42,"minecraft:air":0,"minecraft:jungle_planks":8,"minecraft:iron_leggings":1,"minecraft:acacia_planks":4},"minecraft:killed_by":{"iceandfire:cyclops":5,"born_in_chaos_v1:nightmare_stalker":3,"born_in_chaos_v1:mr_pumpkin":2,"born_in_chaos_v1:bone_imp_minion":1,"minecraft:cave_spider":1,"alexsmobs:rhinoceros":1,"born_in_chaos_v1:pumpkinhead":2,"minecraft:zombie":2,"iceandfire:fire_dragon":3,"minecraft:player":3,"born_in_chaos_v1:dark_vortex":1,"born_in_chaos_v1:sir_pumpkinhead_without_horse":1,"iceandfire:gorgon":2,"iceandfire:ghost":3},"minecraft:picked_up":{"born_in_chaos_v1:bloody_gadfly_eye":1,"born_in_chaos_v1:black_argillite":6,"born_in_chaos_v1:holiday_candy":30,"minecraft:string":30,"minecraft:raw_copper":9,"minecraft:cooked_salmon":2,"minecraft:beetroot":18,"alexsmobs:emu_feather":2,"minecraft:cobbled_deepslate":41,"minecraft:gold_nugget":322,"minecraft:smooth_stone":8,"born_in_chaos_v1:empty_fel_lamp":1,"comforts:sleeping_bag_white":3,"delightful:acorn":2,"minecraft:azalea":4,"minecraft:iron_pickaxe":2,"born_in_chaos_v1:stimulating_decoction":4,"delightful:green_tea_leaf":2,"farmersdelight:cabbage_seeds":1,"alexsmobs:leafcutter_ant_chamber":2,"minecraft:furnace":6,"minecraft:tipped_arrow":2,"minecraft:stick":7,"born_in_chaos_v1:shattered_skull":2,"minecraft:oak_fence":4,"minecraft:torch":2,"minecraft:acacia_log":1,"minecraft:spruce_stairs":1,"iceandfire:rotten_egg":1,"minecraft:diorite":19,"born_in_chaos_v1:nightmare_claw":2,"minecraft:goat_horn":1,"born_in_chaos_v1:fried_maggot":24,"minecraft:rotten_flesh":98,"alexsmobs:emu_egg":2,"born_in_chaos_v1:cultivated_pumpkin":4,"minecraft:iron_bars":4,"minecraft:cobblestone":418,"minecraft:feather":1,"minecraft:cooked_beef":10,"minecraft:andesite":14,"born_in_chaos_v1:spiritual_dust":8,"minecraft:jungle_log":2,"minecraft:flint":2,"minecraft:lapis_lazuli":44,"minecraft:dirt":42,"born_in_chaos_v1:nightmare_stalker_skull":1,"born_in_chaos_v1:monster_skin":8,"minecraft:bone":86,"minecraft:wheat_seeds":27,"minecraft:cooked_porkchop":3,"minecraft:grass_block":1,"alexsmobs:animal_dictionary":1,"minecraft:mossy_cobblestone":2,"born_in_chaos_v1:fire_dust":1,"minecraft:diamond":10,"alexsmobs:rattlesnake_rattle":1,"minecraft:crossbow":1,"minecraft:granite":53,"minecraft:bread":4,"minecraft:oak_sapling":14,"born_in_chaos_v1:rotten_fish":4,"minecraft:diamond_pickaxe":1,"iceandfire:dragon_skull_lightning":2,"born_in_chaos_v1:diamond_termite_shard":2,"minecraft:coarse_dirt":1,"minecraft:crafting_table":10,"artifacts:night_vision_goggles":1,"born_in_chaos_v1:smoked_monster_flesh":3,"minecraft:clay_ball":87,"born_in_chaos_v1:seedof_chaos":11,"minecraft:gold_block":1,"minecraft:chain":3,"minecraft:shield":3,"born_in_chaos_v1:intoxicating_decoction":4,"iceandfire:ghost_ingot":1,"minecraft:cracked_stone_bricks":2,"minecraft:beef":51,"born_in_chaos_v1:gnawed_bones":1,"minecraft:light_gray_wool":5,"minecraft:chest":3,"minecraft:egg":3,"minecraft:raw_iron":38,"iceandfire:dragonbone":16,"born_in_chaos_v1:pieceofdarkmetal":21,"minecraft:carrot":1,"minecraft:dark_oak_planks":2,"iceandfire:cyclops_eye":1,"minecraft:arrow":9,"born_in_chaos_v1:wood_splitter_axe":1,"ironfurnaces:gold_furnace":5,"minecraft:hay_block":14,"minecraft:saddle":1,"minecraft:mutton":39,"minecraft:white_wool":24,"minecraft:skeleton_skull":2,"minecraft:bone_block":65,"born_in_chaos_v1:fused_bone":3,"born_in_chaos_v1:corpse_maggot":32,"iceandfire:sea_serpent_fang":2,"born_in_chaos_v1:monster_flesh":8,"born_in_chaos_v1:pumpkin_staff":3,"minecraft:leather":41,"minecraft:oak_log":45,"iceandfire:ectoplasm":3,"minecraft:gunpowder":3,"minecraft:cobblestone_stairs":3,"farmersdelight:skillet":2,"minecraft:cooked_mutton":19,"born_in_chaos_v1:soul_cutlass":1,"minecraft:apple":1,"minecraft:stone_bricks":2,"minecraft:kelp":1,"minecraft:iron_ingot":4,"born_in_chaos_v1:fel_lamp":1,"iceandfire:crackled_cobblestone":2,"minecraft:flowering_azalea":1,"minecraft:book":261,"minecraft:warped_fungus":3,"minecraft:pumpkin":13,"born_in_chaos_v1:lifestealer_bone":4,"born_in_chaos_v1:orbofthe_summoner":1,"iceandfire:ash":1,"born_in_chaos_v1:ethereal_spirit":4,"minecraft:dripstone_block":1,"minecraft:gravel":10,"born_in_chaos_v1:dark_rod":3,"minecraft:spider_eye":7,"minecraft:pumpkin_seeds":27,"minecraft:slime_ball":2,"minecraft:stone_axe":1,"iceandfire:sea_serpent_scales_red":4,"minecraft:melon_seeds":3,"farmersdelight:stove":2,"minecraft:coal":44,"minecraft:ender_pearl":1}},"DataVersion":3465}