{"stats":{"minecraft:killed_by":{"minecraft:player":3,"born_in_chaos_v1:nightmare_stalker":1,"iceandfire:cyclops":3,"born_in_chaos_v1:mr_pumpkin":2,"born_in_chaos_v1:dark_vortex":1,"born_in_chaos_v1:bone_imp_minion":1,"born_in_chaos_v1:sir_pumpkinhead_without_horse":1,"iceandfire:gorgon":2,"minecraft:cave_spider":1,"alexsmobs:rhinoceros":1,"minecraft:zombie":2,"born_in_chaos_v1:pumpkinhead":2,"iceandfire:ghost":3,"iceandfire:fire_dragon":3},"minecraft:crafted":{"minecraft:oak_planks":32,"minecraft:stone_shovel":1,"ironfurnaces:gold_furnace":1,"minecraft:furnace":1,"ironfurnaces:iron_furnace":1,"minecraft:cooked_mutton":4,"minecraft:iron_axe":1,"minecraft:chest":1,"minecraft:bricks":4,"minecraft:dark_oak_planks":32,"sophisticatedbackpacks:iron_backpack":1,"farmersdelight:stove":1,"minecraft:cooked_beef":26,"sophisticatedbackpacks:backpack":1,"minecraft:crafting_table":1,"sophisticatedbackpacks:gold_backpack":1,"minecraft:gold_block":1,"minecraft:bucket":1,"minecraft:pumpkin_seeds":94,"minecraft:campfire":1,"farmersdelight:skillet":1,"minecraft:air":0,"minecraft:jungle_planks":8,"minecraft:stick":48,"minecraft:iron_ingot":13,"minecraft:iron_pickaxe":1,"minecraft:iron_leggings":1,"minecraft:gold_ingot":37,"minecraft:acacia_planks":4,"minecraft:brick":21},"minecraft:picked_up":{"iceandfire:dragon_skull_lightning":2,"minecraft:crafting_table":10,"artifacts:night_vision_goggles":1,"born_in_chaos_v1:smoked_monster_flesh":3,"minecraft:clay_ball":87,"born_in_chaos_v1:seedof_chaos":11,"minecraft:chain":3,"minecraft:shield":3,"born_in_chaos_v1:holiday_candy":30,"minecraft:string":25,"minecraft:raw_copper":1,"minecraft:cooked_salmon":2,"born_in_chaos_v1:intoxicating_decoction":4,"minecraft:beetroot":18,"minecraft:cracked_stone_bricks":2,"alexsmobs:emu_feather":2,"minecraft:gold_nugget":322,"born_in_chaos_v1:empty_fel_lamp":1,"comforts:sleeping_bag_white":3,"delightful:acorn":2,"minecraft:beef":51,"born_in_chaos_v1:gnawed_bones":1,"minecraft:azalea":4,"minecraft:iron_pickaxe":2,"minecraft:light_gray_wool":5,"born_in_chaos_v1:stimulating_decoction":2,"delightful:green_tea_leaf":2,"minecraft:chest":1,"minecraft:furnace":6,"alexsmobs:leafcutter_ant_chamber":2,"minecraft:egg":3,"minecraft:tipped_arrow":2,"minecraft:stick":5,"minecraft:raw_iron":31,"iceandfire:dragonbone":16,"born_in_chaos_v1:shattered_skull":2,"minecraft:oak_fence":2,"minecraft:torch":1,"minecraft:acacia_log":1,"minecraft:spruce_stairs":1,"iceandfire:rotten_egg":1,"minecraft:diorite":8,"born_in_chaos_v1:nightmare_claw":1,"born_in_chaos_v1:pieceofdarkmetal":20,"minecraft:carrot":1,"minecraft:goat_horn":1,"born_in_chaos_v1:fried_maggot":19,"minecraft:dark_oak_planks":2,"minecraft:arrow":8,"iceandfire:cyclops_eye":1,"minecraft:rotten_flesh":86,"born_in_chaos_v1:wood_splitter_axe":1,"ironfurnaces:gold_furnace":1,"born_in_chaos_v1:cultivated_pumpkin":4,"minecraft:saddle":1,"alexsmobs:emu_egg":2,"minecraft:iron_bars":4,"minecraft:mutton":10,"minecraft:bone_block":65,"minecraft:skeleton_skull":2,"minecraft:white_wool":12,"minecraft:cobblestone":34,"born_in_chaos_v1:fused_bone":3,"born_in_chaos_v1:corpse_maggot":26,"minecraft:feather":1,"minecraft:cooked_beef":10,"born_in_chaos_v1:monster_flesh":8,"born_in_chaos_v1:pumpkin_staff":3,"born_in_chaos_v1:spiritual_dust":8,"minecraft:jungle_log":2,"minecraft:leather":32,"minecraft:oak_log":44,"iceandfire:ectoplasm":3,"minecraft:gunpowder":3,"farmersdelight:skillet":2,"minecraft:dirt":22,"born_in_chaos_v1:nightmare_stalker_skull":1,"born_in_chaos_v1:monster_skin":8,"minecraft:cooked_mutton":19,"minecraft:bone":73,"born_in_chaos_v1:soul_cutlass":1,"minecraft:apple":1,"minecraft:stone_bricks":2,"minecraft:kelp":1,"minecraft:wheat_seeds":26,"minecraft:iron_ingot":4,"born_in_chaos_v1:fel_lamp":1,"minecraft:flowering_azalea":1,"minecraft:book":261,"minecraft:warped_fungus":3,"minecraft:cooked_porkchop":3,"minecraft:pumpkin":13,"born_in_chaos_v1:lifestealer_bone":4,"born_in_chaos_v1:orbofthe_summoner":1,"iceandfire:ash":1,"born_in_chaos_v1:ethereal_spirit":4,"born_in_chaos_v1:dark_rod":3,"minecraft:spider_eye":6,"alexsmobs:animal_dictionary":1,"minecraft:pumpkin_seeds":27,"minecraft:slime_ball":2,"born_in_chaos_v1:fire_dust":1,"minecraft:diamond":6,"minecraft:stone_axe":1,"minecraft:crossbow":1,"minecraft:bread":4,"farmersdelight:stove":2,"minecraft:oak_sapling":11,"born_in_chaos_v1:rotten_fish":4,"minecraft:melon_seeds":3,"minecraft:coal":38},"minecraft:mined":{"minecraft:dark_oak_planks":2,"born_in_chaos_v1:cultivated_pumpkin":4,"minecraft:dark_oak_leaves":1,"alexsmobs:leafcutter_anthill":1,"born_in_chaos_v1:nightmare_stalker_skull":1,"minecraft:dark_oak_fence":2,"minecraft:grass_block":2,"alexsmobs:leafcutter_ant_chamber":1,"minecraft:spawner":6,"minecraft:furnace":5,"ironfurnaces:gold_furnace":1,"minecraft:iron_ore":22,"minecraft:fire":7,"minecraft:pumpkin":13,"minecraft:bookshelf":89,"minecraft:vine":1,"iceandfire:gold_pile":10,"minecraft:dirt_path":1,"minecraft:iron_bars":5,"minecraft:azalea_leaves":1,"minecraft:stone":25,"minecraft:bone_block":65,"minecraft:oak_fence":2,"minecraft:clay":21,"minecraft:crafting_table":14,"minecraft:torch":1,"minecraft:tall_grass":12,"minecraft:cobblestone":2,"farmersdelight:skillet":2,"minecraft:birch_leaves":1,"minecraft:grass":53,"minecraft:oak_log":35,"minecraft:dirt":5,"farmersdelight:stove":2,"minecraft:cobweb":1,"minecraft:red_mushroom_block":1,"minecraft:stone_bricks":1,"minecraft:oak_leaves":11},"minecraft:used":{"minecraft:oak_fence":2,"ironfurnaces:gold_furnace":1,"minecraft:iron_bars":4,"minecraft:stone_shovel":26,"minecraft:bone_block":1,"farmersdelight:stove":2,"minecraft:shield":65,"minecraft:iron_sword":261,"born_in_chaos_v1:fried_maggot":7,"minecraft:rotten_flesh":2,"minecraft:cooked_salmon":2,"minecraft:torch":1,"minecraft:dirt":7,"minecraft:mutton":1,"minecraft:spruce_stairs":1,"minecraft:carrot":19,"born_in_chaos_v1:soul_cutlass":438,"born_in_chaos_v1:corpse_maggot":6,"minecraft:dark_oak_planks":2,"minecraft:iron_axe":135,"minecraft:beef":2,"minecraft:furnace":5,"born_in_chaos_v1:fel_lamp":6,"minecraft:oak_sapling":1,"minecraft:potato":5,"minecraft:egg":3,"comforts:sleeping_bag_white":2,"minecraft:cooked_beef":27,"minecraft:iron_leggings":1,"minecraft:cooked_mutton":6,"minecraft:water_bucket":1,"minecraft:diorite":8,"farmersdelight:skillet":2,"minecraft:oak_planks":6,"minecraft:cracked_stone_bricks":1,"minecraft:crafting_table":10,"born_in_chaos_v1:holiday_candy":30,"minecraft:apple":1,"born_in_chaos_v1:monster_flesh":3,"born_in_chaos_v1:pumpkin_staff":2,"minecraft:bread":16,"minecraft:iron_pickaxe":124,"born_in_chaos_v1:smoked_monster_flesh":3,"minecraft:golden_leggings":1,"minecraft:stone_axe":60,"born_in_chaos_v1:rotten_fish":2,"minecraft:cobblestone":24,"minecraft:cooked_porkchop":3,"minecraft:bucket":1,"born_in_chaos_v1:wood_splitter_axe":23,"alexsmobs:animal_dictionary":1,"alexsmobs:leafcutter_ant_chamber":2,"minecraft:kelp":1,"minecraft:golden_pickaxe":32,"minecraft:experience_bottle":7,"alexsmobs:emu_egg":2},"minecraft:broken":{"minecraft:golden_leggings":1,"minecraft:stone_axe":1,"minecraft:golden_pickaxe":1},"minecraft:killed":{"born_in_chaos_v1:lifestealer_true_form":1,"born_in_chaos_v1:zombie_clown":2,"minecraft:cave_spider":7,"born_in_chaos_v1:mr_pumpkin":10,"born_in_chaos_v1:zombie_lumberjack":1,"born_in_chaos_v1:restless_spirit":1,"born_in_chaos_v1:skeleton_demoman":1,"born_in_chaos_v1:sir_the_headless":1,"born_in_chaos_v1:zombie_clown_not_despawn":1,"minecraft:vindicator":1,"minecraft:spider":9,"born_in_chaos_v1:siamese_skeletonsright":2,"born_in_chaos_v1:zombie_bruiser":3,"born_in_chaos_v1:baby_skeleton_minion":1,"born_in_chaos_v1:maggot":15,"minecraft:skeleton":4,"alexsmobs:leafcutter_ant":1,"born_in_chaos_v1:skeleton_thrasher":1,"born_in_chaos_v1:corpse_fish":2,"born_in_chaos_v1:supreme_bonescaller_stage_2":1,"born_in_chaos_v1:firelight_not_despawn":1,"born_in_chaos_v1:barrel_zombie":2,"born_in_chaos_v1:fallen_chaos_knight":1,"born_in_chaos_v1:bone_imp_minion":7,"iceandfire:cyclops":1,"born_in_chaos_v1:baby_skeleton":3,"born_in_chaos_v1:swarmer":1,"minecraft:ravager":1,"alexsmobs:rhinoceros":1,"minecraft:creeper":1,"born_in_chaos_v1:decrepit_skeleton":11,"alexsmobs:emu":1,"minecraft:sheep":5,"minecraft:pillager":4,"minecraft:zombie":17,"iceandfire:ghost":5,"born_in_chaos_v1:dread_hound":8,"minecraft:stray":4,"born_in_chaos_v1:corpse_fly":12,"born_in_chaos_v1:dark_vortex":3,"born_in_chaos_v1:nightmare_stalker":1,"born_in_chaos_v1:siamese_skeletonsleft":1,"minecraft:cow":23},"minecraft:dropped":{"minecraft:wheat_seeds":26,"minecraft:oak_log":3,"iceandfire:chared_dirt":1,"minecraft:crossbow":1,"minecraft:leather":1,"born_in_chaos_v1:empty_fel_lamp":1,"born_in_chaos_v1:monster_flesh":1,"born_in_chaos_v1:pumpkin_staff":2,"minecraft:gold_nugget":4,"delightful:acorn":1,"minecraft:chain":2,"iceandfire:ash":1,"minecraft:iron_pickaxe":2,"minecraft:string":6,"minecraft:white_wool":6,"minecraft:bone":18,"minecraft:furnace":1,"minecraft:goat_horn":1,"alexsmobs:animal_dictionary":1,"minecraft:beetroot":18,"minecraft:rotten_flesh":25,"minecraft:light_gray_wool":4,"minecraft:shield":2,"minecraft:skeleton_skull":1,"minecraft:melon_seeds":4,"minecraft:oak_sapling":5,"minecraft:spider_eye":1,"minecraft:arrow":2},"minecraft:custom":{"minecraft:mob_kills":188,"minecraft:interact_with_crafting_table":42,"minecraft:open_barrel":32,"minecraft:damage_dealt_resisted":5353,"minecraft:leave_game":5,"minecraft:time_since_death":3770,"minecraft:climb_one_cm":139,"minecraft:sprint_one_cm":654882,"minecraft:walk_one_cm":313236,"minecraft:damage_blocked_by_shield":1410,"minecraft:drop":67,"minecraft:raid_win":1,"minecraft:play_time":248931,"minecraft:sneak_time":6930,"minecraft:deaths":28,"minecraft:walk_under_water_one_cm":13191,"minecraft:jump":4370,"minecraft:walk_on_water_one_cm":32180,"minecraft:total_world_time":248931,"minecraft:interact_with_furnace":51,"minecraft:raid_trigger":1,"minecraft:sleep_in_bed":2,"minecraft:time_since_rest":3801,"minecraft:damage_taken":2147483647,"minecraft:trigger_trapped_chest":3,"minecraft:damage_dealt":42625,"minecraft:fly_one_cm":844363,"minecraft:swim_one_cm":68177,"minecraft:player_kills":3,"minecraft:open_chest":54,"minecraft:crouch_one_cm":17597,"minecraft:interact_with_smoker":1,"minecraft:fall_one_cm":155227}},"DataVersion":3465}